ERROR_ID,LAUNCH_ELAPSED,TOPLEVELEXECUTIONID,accountid,containerid,dategroup,elapsed,error,errordocumentcount,inbound,inboundsize,outbound,outboundsize,starttime,status,recorddate,atomArch,atomFreeDiskSpace,atomHome,atomTimeZone,fileEncoding,infrastructureProvider,javaHome,javaVMName,javaVersion,localFreeDiskSpace,maxMemory,maxOpenFiles,osArch,osName,osVersion,systemCpuCount,systemTotalMemory,tempFreeDiskSpace,unlimitedCrypto,Heap Space,Number of concurrent executions,Purge Days,Classifier
error-1eab92fe-05ac-49a5-a79a-313247829f4e,0,execution-1eab92fe-05ac-49a5-a79a-313247829f4e-2018.05.04,19718,13547,2018.05.04,0,Unknown failure occurred,0,0,NULL,0,NULL,2018-05-04 18:15:01,ABORTED,2018-05-04 18:29:07,64,405456355328,/mnt/data/cloud/Biggie,US/Eastern,UTF-8,AWS,/usr/java/jdk1.8.0_66/jre,Java HotSpot(TM) 64-Bit Server VM,1.8.0_66-b17,1529585393691,1908932608,8192,amd64,Linux,2.6.32-696.23.1.el6.x86_64,4,7855697920,58102837248,TRUE,2048,47,14,4
error-0c9e17c6-bbed-4395-a565-2f12318d51ac,0,execution-0c9e17c6-bbed-4395-a565-2f12318d51ac-2018.05.04,19718,13547,2018.05.04,0,Unknown failure occurred,0,0,NULL,0,NULL,2018-05-04 18:45:01,ABORTED,2018-05-04 18:58:59,64,405456355328,/mnt/data/cloud/Biggie,US/Eastern,UTF-8,AWS,/usr/java/jdk1.8.0_66/jre,Java HotSpot(TM) 64-Bit Server VM,1.8.0_66-b17,1529585393691,1908932608,8192,amd64,Linux,2.6.32-696.23.1.el6.x86_64,4,7855697920,58102837248,TRUE,2048,13,14,4
error-03806b19-f450-486d-9b0b-06f93937f48f,0,execution-03806b19-f450-486d-9b0b-06f93937f48f-2018.05.07,25012,13547,2018.05.07,0,Unknown failure occurred,0,0,NULL,0,NULL,2018-05-07 6:01:00,ABORTED,2018-05-07 6:15:50,64,405456355328,/mnt/data/cloud/Biggie,US/Eastern,UTF-8,AWS,/usr/java/jdk1.8.0_66/jre,Java HotSpot(TM) 64-Bit Server VM,1.8.0_66-b17,1529585393691,1908932608,8192,amd64,Linux,2.6.32-696.23.1.el6.x86_64,4,7855697920,58102837248,TRUE,2048,21,14,4
error-064a664a-c058-4443-8c93-932c0f3475dd,0,execution-064a664a-c058-4443-8c93-932c0f3475dd-2018.05.07,18255,13547,2018.05.07,0,Unknown failure occurred,0,0,NULL,0,NULL,2018-05-07 8:00:00,ABORTED,2018-05-07 8:13:56,64,405456355328,/mnt/data/cloud/Biggie,US/Eastern,UTF-8,AWS,/usr/java/jdk1.8.0_66/jre,Java HotSpot(TM) 64-Bit Server VM,1.8.0_66-b17,1529585393691,1908932608,8192,amd64,Linux,2.6.32-696.23.1.el6.x86_64,4,7855697920,58102837248,TRUE,2048,11,14,4
error-11345764-b031-4e6e-a56d-cdbe1c462934,0,execution-11345764-b031-4e6e-a56d-cdbe1c462934-2018.05.07,19718,13547,2018.05.07,0,Unknown failure occurred,0,0,NULL,0,NULL,2018-05-07 8:15:01,ABORTED,2018-05-07 8:28:59,64,405456355328,/mnt/data/cloud/Biggie,US/Eastern,UTF-8,AWS,/usr/java/jdk1.8.0_66/jre,Java HotSpot(TM) 64-Bit Server VM,1.8.0_66-b17,1529585393691,1908932608,8192,amd64,Linux,2.6.32-696.23.1.el6.x86_64,4,7855697920,58102837248,TRUE,2048,10,14,4
error-92314222-34b6-4b76-a2dd-783efe126f66-iHT2wpa3_1RGTDyKthAWfw,5897,execution-1dd86355-ed76-4389-aa8f-ffd87d9d7f38-2018.06.11,11888,13547,2018.06.11,33398,Process has been manually cancelled by Boomi Tester boomitester1檘�@gmail.com,1,1,0,0,0,2018-06-11 10:58:38,ERROR,2018-06-11 10:59:13,64,405456355328,/mnt/data/cloud/Biggie,US/Eastern,UTF-8,AWS,/usr/java/jdk1.8.0_66/jre,Java HotSpot(TM) 64-Bit Server VM,1.8.0_66-b17,1529585393691,1908932608,8192,amd64,Linux,2.6.32-696.23.1.el6.x86_64,4,7855697920,58102837248,TRUE,2048,47,14,4
error-2d02832e-8171-4597-b90c-c8b79df4819e-iHT2wpa3_1RGTDyKthAWfw,13124,execution-020c9309-1890-425c-b4a5-292215752431-2018.06.12,11888,13547,2018.06.12,31063,Process has been manually cancelled by Boomi Tester boomitester1檘�@gmail.com,1,1,0,0,0,2018-06-12 10:07:24,ERROR,2018-06-12 10:07:57,64,405456355328,/mnt/data/cloud/Biggie,US/Eastern,UTF-8,AWS,/usr/java/jdk1.8.0_66/jre,Java HotSpot(TM) 64-Bit Server VM,1.8.0_66-b17,1529585393691,1908932608,8192,amd64,Linux,2.6.32-696.23.1.el6.x86_64,4,7855697920,58102837248,TRUE,2048,49,14,4
error-693b57fb-7d29-4b0c-b1ee-d482916852d8-iHT2wpa3_1RGTDyKthAWfw,4401,execution-00f30727-a672-447a-8bf8-c1fd02abfe72-2018.06.15,11888,13547,2018.06.15,37102,Process has been manually cancelled by Boomi Tester boomitester1檘�@gmail.com,1,1,0,0,0,2018-06-15 11:45:58,ERROR,2018-06-15 11:46:37,64,405456355328,/mnt/data/cloud/Biggie,US/Eastern,UTF-8,AWS,/usr/java/jdk1.8.0_66/jre,Java HotSpot(TM) 64-Bit Server VM,1.8.0_66-b17,1529585393691,1908932608,8192,amd64,Linux,2.6.32-696.23.1.el6.x86_64,4,7855697920,58102837248,TRUE,2048,32,14,4
error-21c90f01-4f9f-4390-be2a-3bd9a853c971,0,execution-21c90f01-4f9f-4390-be2a-3bd9a853c971-2018.04.24,22524,13547,2018.04.24,0,Container is currently PAUSING_FOR_STOP,0,0,NULL,0,NULL,2018-04-24 11:29:57,DISCARDED,2018-04-24 11:32:15,64,405456355328,/mnt/data/cloud/Biggie,US/Eastern,UTF-8,AWS,/usr/java/jdk1.8.0_66/jre,Java HotSpot(TM) 64-Bit Server VM,1.8.0_66-b17,1529585393691,1908932608,8192,amd64,Linux,2.6.32-696.23.1.el6.x86_64,4,7855697920,58102837248,TRUE,2048,7,14,4
error-028e095b-16c6-44c8-971c-5a9f93deeb14,0,execution-028e095b-16c6-44c8-971c-5a9f93deeb14-2018.05.21,11832,15322,2018.05.21,0,Could not create process execution directories Caused by: directory C:\Boomi AtomSphere\Atom - labqawin1 SOAP Client Atom Imported Server Cert\execution\history\2018.05.21\execution-028e095b-16c6-44c8-971c-5a9f93deeb14-2018.05.21 is not readable,0,0,NULL,0,NULL,2018-05-21 14:43:06,ABORTED,2018-05-21 15:10:21,64,489725919232,C:\Boomi AtomSphere\Atom - labqawin1 SOAP Client Atom Imported Server Cert,America/New_York,windows-1252,AWS,c:\program files\java\jre1.8.0_66,Java HotSpot(TM) 64-Bit Server VM,1.8.0_66-b17,1529584498011,477626368,,amd64,Windows Server 2008 R2,6.1,4,8052658176,489725919232,FALSE,2048,18,30,4
error-02e99c90-29af-4f78-9d00-316e449f199e-4N2NP3zjPk5npJguZMe5ZA,6,execution-02e99c90-29af-4f78-9d00-316e449f199e-2018.05.08,12030,39361,2018.05.08,301,Error executing sql statement: Connection reset by peer: socket write error Caused by: Connection reset by peer: socket write error,1,1,0,0,0,2018-05-08 11:48:07,ERROR,2018-05-08 11:48:09,64,80241029120,C:\Boomi AtomSphere\Atom - DBregression,America/New_York,windows-1252,AWS,c:\program files\java\jre1.8.0_111,Java HotSpot(TM) 64-Bit Server VM,1.8.0_111-b14,1529584493220,477626368,,amd64,Windows Server 2008 R2,6.1,4,8052658176,80241029120,FALSE,2048,8,30,4
error-2bff73ad-41f9-4c56-b56c-b0de91aef577-P2QMW-_rHZTVZGAQTL5jeA,6,execution-2bff73ad-41f9-4c56-b56c-b0de91aef577-2018.04.20,20356,39366,2018.04.20,1125,Error setting up FTP connection: Connection refused: connect Caused by: Connection refused: connect,1,1,0,0,0,2018-04-20 14:22:00,ERROR,2018-04-20 14:22:01,64,373565079552,C:\Boomi AtomSphere\Atom - Bhavini's QA Atom,America/New_York,windows-1252,,c:\program files\java\jre1.8.0_144,Java HotSpot(TM) 64-Bit Server VM,1.8.0_144-b01,1529952069758,477626368,,amd64,Windows 10,10,8,16993251328,373565079552,TRUE,2048,50,30,4
error-1e87bda3-6a78-4d0f-98d5-2a1375fed6ce-gQIbnZlXFUoqLiRrFpj7PA,6944,execution-1e87bda3-6a78-4d0f-98d5-2a1375fed6ce-2018.06.08,11042,43005,2018.06.08,14665,GC overhead limit exceeded,1,1,0,0,0,2018-06-08 10:44:41,ERROR,2018-06-08 10:44:59,64,156865167360,C:\Boomi AtomSphere\Molecule - MolMolForCTermnt,America/New_York,windows-1252,,c:\program files\java\jdk1.8.0_151\jre,Java HotSpot(TM) 64-Bit Server VM,1.8.0_151-b12,1528469029577,477626368,,amd64,Windows 10,10,8,17078124544,156865167360,FALSE,2048,4,30,4
error-05e60a1b-f6b5-498f-b70c-714a7d2dd92b-DyjFMKGYUgkHUDsH4zThew,69,execution-05e60a1b-f6b5-498f-b70c-714a7d2dd92b-2018.05.16,18745,23913,2018.05.16,17741,java.lang.UnsupportedOperationException,1,1,0,1,0,2018-05-16 10:57:46,ERROR,2018-05-16 10:58:09,64,10024697856,/home/mkain/Boomi_AtomSphere/Atom/Atom_QA_mkain,America/Argentina/Buenos_Aires,UTF-8,,/usr/lib/jvm/java-default/jre,Java HotSpot(TM) 64-Bit Server VM,1.7.0_80-b15,1530037559648,477102080,1048576,amd64,Linux,4.4.0-93-generic,4,16633827328,10024697856,TRUE,2048,11,30,4
NULL,0,execution-2948f9ad-6b9b-490e-8afa-52240f803ebd-2018.05.07,19718,13547,2018.05.07,2622,Process aborted due to Atom crash,0,0,NULL,0,NULL,2018-05-07 9:30:00,ABORTED,2018-05-07 9:42:07,64,405456355328,/mnt/data/cloud/Biggie,US/Eastern,UTF-8,AWS,/usr/java/jdk1.8.0_66/jre,Java HotSpot(TM) 64-Bit Server VM,1.8.0_66-b17,1529585393691,1908932608,8192,amd64,Linux,2.6.32-696.23.1.el6.x86_64,4,7855697920,58102837248,TRUE,2048,24,14,4
error-025d3f0c-3478-4158-a3d9-1c7f8fb5a7b9-w3oxTIMq3zdC6dQVR0CJrg,7,execution-025d3f0c-3478-4158-a3d9-1c7f8fb5a7b9-2018.04.23,23598,38242,2018.04.23,117,SQL Script must not be blank for a standard Insert/Update/Delete.,1,1,0,2,308,2018-04-23 15:50:23,ERROR,2018-04-23 15:50:25,64,434795327488,/home/btran/Boomi_AtomSphere/Atom/Atom_qa_btran_laptop,America/New_York,UTF-8,,/usr/java/jdk1.8.0_66/jre,Java HotSpot(TM) 64-Bit Server VM,1.8.0_66-b17,1527700793722,511180800,1048576,amd64,Linux,4.13.0-41-generic,8,33531916288,434795327488,TRUE,2048,3,30,4
error-0b3796e4-c27a-4ed0-94ad-368cf1e95adf-ROtB4DBjfqO0Qy3zuhm1aA,13,execution-0b3796e4-c27a-4ed0-94ad-368cf1e95adf-2018.05.23,21653,38742,2018.05.23,608,"the login validation in the response was unsuccessful, please check the instance status",1,1,0,0,0,2018-05-23 14:38:26,ERROR,2018-05-23 14:38:28,64,152970653696,/home/paola/tools/Boomi_AtomSphere/Atom/Atom_VPC_PTELLEZ,GMT-05:00,UTF-8,,/usr/lib/jvm/java-7-openjdk-amd64/jre,OpenJDK 64-Bit Server VM,1.7.0_95-b00,1530105208003,477102080,1048576,amd64,Linux,4.13.0-45-generic,4,16492404736,152970653696,TRUE,2048,40,30,4
error-2ed43057-f15e-42d7-b2a5-e6c1da3503d0-ggM4mnb5TbNkZT75B1Bdlg,9,execution-2ed43057-f15e-42d7-b2a5-e6c1da3503d0-2018.06.05,12030,39361,2018.06.05,102,There was an error executing the most recent statement Caused by: Data truncated for column 'id' at row 1,1,1,0,10,2033,2018-06-05 10:10:39,ERROR,2018-06-05 10:10:43,64,80241029120,C:\Boomi AtomSphere\Atom - DBregression,America/New_York,windows-1252,AWS,c:\program files\java\jre1.8.0_111,Java HotSpot(TM) 64-Bit Server VM,1.8.0_111-b14,1529584493220,477626368,,amd64,Windows Server 2008 R2,6.1,4,8052658176,80241029120,FALSE,2048,10,30,4
error-0cc3d491-e999-48cf-a677-d5f7efd851e4,67,execution-0cc3d491-e999-48cf-a677-d5f7efd851e4-2018.04.26,22844,36050,2018.04.26,140,"Unexpected error occurred while initializing a shape.; Caused by: Unable to initialize step, connector operation not specified.",0,0,0,0,0,2018-04-26 11:22:30,ERROR,2018-04-26 11:22:35,64,305643753472,C:\Boomi AtomSphere\Atom - ji_qa_atom_1,America/New_York,windows-1252,,c:\program files\java\jdk1.8.0_151\jre,Java HotSpot(TM) 64-Bit Server VM,1.8.0_151-b12,1529680827818,477626368,,amd64,Windows 10,10,8,16989097984,305643753472,FALSE,2048,1,30,4
error-2d6fa34b-b7de-48a5-b9ae-805dbdace145-20Jt5O510-smCSZCiKgbOA,14,execution-2d6fa34b-b7de-48a5-b9ae-805dbdace145-2018.04.23,23598,38242,2018.04.23,121,Unrecognized content in database write token.,1,1,0,2,12,2018-04-23 15:32:26,ERROR,2018-04-23 15:32:30,64,434795327488,/home/btran/Boomi_AtomSphere/Atom/Atom_qa_btran_laptop,America/New_York,UTF-8,,/usr/java/jdk1.8.0_66/jre,Java HotSpot(TM) 64-Bit Server VM,1.8.0_66-b17,1527700793722,511180800,1048576,amd64,Linux,4.13.0-41-generic,8,33531916288,434795327488,TRUE,2048,34,30,4
error-0d9b2928-d033-48ad-9e98-a7ffa73584a9-a1eOz_6BYSSyXcf5EZ0OCQ,18,execution-0d9b2928-d033-48ad-9e98-a7ffa73584a9-2018.04.20,22845,36170,2018.04.20,11926,Java heap space,1,1,0,0,0,2018-04-20 12:28:43,ERROR,2018-04-20 12:28:58,64,359612477440,/opt/Boomi_AtomSphere/Atom/Atom_ninaqa_atom,America/New_York,UTF-8,,/usr/java/jdk1.8.0_66/jre,Java HotSpot(TM) 64-Bit Server VM,1.8.0_66-b17,1529695880535,477626368,1048576,amd64,Linux,4.13.0-36-generic,8,33562968064,359612477440,TRUE,2048,19,30,2
error-15f8e882-8fb5-4e6a-b0ef-23476b2928d8-68vPW7Lqet57ZfjanLHe4w,6220,execution-15f8e882-8fb5-4e6a-b0ef-23476b2928d8-2018.06.05,11042,42698,2018.06.05,12919,Java heap space,1,1,0,0,0,2018-06-05 11:42:57,ERROR,2018-06-05 11:43:13,32,160162889728,C:\Boomi AtomSphere\Cloud - ForceTerminate,America/New_York,windows-1252,,c:\boomi atomsphere\atom - w104s33n32.aus.amer.dell.com\jre,Java HotSpot(TM) Client VM,1.8.0_66-b18,1528379703453,518979584,,x86,Windows 10,10,8,17078124544,160162889728,FALSE,1024,16,30,3
error-0aefb0e7-0cfe-47e6-b941-ff21fb114977-68vPW7Lqet57ZfjanLHe4w,5382,execution-0aefb0e7-0cfe-47e6-b941-ff21fb114977-2018.06.05,11042,42698,2018.06.05,11975,Java heap space,1,1,0,0,0,2018-06-05 13:24:12,ERROR,2018-06-05 13:24:27,32,160162889728,C:\Boomi AtomSphere\Cloud - ForceTerminate,America/New_York,windows-1252,,c:\boomi atomsphere\atom - w104s33n32.aus.amer.dell.com\jre,Java HotSpot(TM) Client VM,1.8.0_66-b18,1528379703453,518979584,,x86,Windows 10,10,8,17078124544,160162889728,FALSE,1024,30,30,3
error-093cc740-99fa-4729-942a-6f3d86d8d846-68vPW7Lqet57ZfjanLHe4w,8965,execution-093cc740-99fa-4729-942a-6f3d86d8d846-2018.06.06,11042,42807,2018.06.06,21258,Java heap space,1,1,0,0,0,2018-06-06 9:12:38,ERROR,2018-06-06 9:13:02,32,162596868096,C:\Boomi AtomSphere\Molecule - TestForceTermnt,America/New_York,windows-1252,,c:\boomi atomsphere\molecule - testforcetermnt\jre,Java HotSpot(TM) Client VM,1.8.0_66-b18,1528290996266,518979584,,x86,Windows 10,10,8,17078124544,162596868096,FALSE,1024,39,30,3
error-1f4b4c1d-712c-4b0f-80e6-1b241be639c6-68vPW7Lqet57ZfjanLHe4w,6144,execution-1f4b4c1d-712c-4b0f-80e6-1b241be639c6-2018.06.06,11042,42846,2018.06.06,1013338,Java heap space,1,1,0,0,0,2018-06-06 10:45:40,ERROR,2018-06-06 11:02:39,32,159850876928,C:\Boomi AtomSphere\Molecule - Molkkule,America/New_York,windows-1252,,c:\boomi atomsphere\molecule - molkkule\jre,Java HotSpot(TM) Client VM,1.8.0_66-b18,1528302373651,518979584,,x86,Windows 10,10,8,17078124544,159850876928,FALSE,1024,20,30,3
error-23c36278-d3e2-4a56-9409-17603e427ae7-68vPW7Lqet57ZfjanLHe4w,7447,execution-23c36278-d3e2-4a56-9409-17603e427ae7-2018.06.06,11042,42846,2018.06.06,1013212,Java heap space,1,1,0,0,0,2018-06-06 11:18:53,ERROR,2018-06-06 11:35:49,32,159850876928,C:\Boomi AtomSphere\Molecule - Molkkule,America/New_York,windows-1252,,c:\boomi atomsphere\molecule - molkkule\jre,Java HotSpot(TM) Client VM,1.8.0_66-b18,1528302373651,518979584,,x86,Windows 10,10,8,17078124544,159850876928,FALSE,1024,49,30,3
error-264dd5d1-878f-4912-8415-99bc3235709d-68vPW7Lqet57ZfjanLHe4w,6308,execution-264dd5d1-878f-4912-8415-99bc3235709d-2018.06.11,11042,13547,2018.06.11,14112,Java heap space,1,1,0,0,0,2018-06-11 11:21:43,ERROR,2018-06-11 11:22:05,64,405456355328,/mnt/data/cloud/Biggie,US/Eastern,UTF-8,AWS,/usr/java/jdk1.8.0_66/jre,Java HotSpot(TM) 64-Bit Server VM,1.8.0_66-b17,1529585393691,1908932608,8192,amd64,Linux,2.6.32-696.23.1.el6.x86_64,4,7855697920,58102837248,TRUE,2048,27,14,3
error-2c25827b-530c-4d5a-acf7-8f3d7caa9dd4-68vPW7Lqet57ZfjanLHe4w,3671,execution-2c25827b-530c-4d5a-acf7-8f3d7caa9dd4-2018.06.12,11042,13547,2018.06.12,10948,Java heap space,1,1,0,0,0,2018-06-12 8:47:22,ERROR,2018-06-12 8:47:36,64,405456355328,/mnt/data/cloud/Biggie,US/Eastern,UTF-8,AWS,/usr/java/jdk1.8.0_66/jre,Java HotSpot(TM) 64-Bit Server VM,1.8.0_66-b17,1529585393691,1908932608,8192,amd64,Linux,2.6.32-696.23.1.el6.x86_64,4,7855697920,58102837248,TRUE,2048,13,14,3
error-132a7127-8515-4b9f-aab8-e46377191e7d-a8FLypSZU_dpJTRYJ5Gs5A,80,execution-132a7127-8515-4b9f-aab8-e46377191e7d-2018.06.14,23612,36748,2018.06.14,3792,Java heap space,1,1,0,1,0,2018-06-14 12:12:50,ERROR,2018-06-14 12:12:57,64,189702811648,/home/juan/development/boomi/deployments/Atom,GMT-05:00,UTF-8,,/usr/lib/jvm/java-7-openjdk-amd64/jre,OpenJDK 64-Bit Server VM,1.7.0_95-b00,1529936928579,477102080,1048576,amd64,Linux,4.13.0-45-generic,4,16492879872,189702811648,TRUE,2048,23,30,2
error-4838210b-ad2c-43a3-81b7-b2bdf0afbcd4-a8FLypSZU_dpJTRYJ5Gs5A,148,execution-4838210b-ad2c-43a3-81b7-b2bdf0afbcd4-2018.06.14,23612,36748,2018.06.14,2111,Java heap space,1,1,0,1,0,2018-06-14 12:13:49,ERROR,2018-06-14 12:13:54,64,189702811648,/home/juan/development/boomi/deployments/Atom,GMT-05:00,UTF-8,,/usr/lib/jvm/java-7-openjdk-amd64/jre,OpenJDK 64-Bit Server VM,1.7.0_95-b00,1529936928579,477102080,1048576,amd64,Linux,4.13.0-45-generic,4,16492879872,189702811648,TRUE,1024,30,30,3
error-FakeData,4382,FakePloberData-2018-06-26T17:12:13-Rand6075,27182,54366,2018.05.29,22367,Java heap space,1,1,0,10,9058,2018-05-29 16:54:01,ERROR,2018-05-29 16:59:49,64,257399267328,\\winfs1\DATA\Boomi AtomSphere\Cloud - Thanos,America/New_York,windows-1252,AWS,c:\java\jdk1.8.0_66\jre,Java HotSpot(TM) 64-Bit Server VM,1.8.0_66-b17,1530090143408,477626368,,amd64,Windows Server 2008 R2,6.1,2,4294561792,33847291904,TRUE,2048,44,30,2
error-FakeData,8508,FakePloberData-2018-06-26T17:12:13-Rand8873,39634,30811,2018.06.19,6,Java heap space,1,1,0,12,11286,2018-06-19 15:32:12,ERROR,2018-06-19 15:32:13,64,10024697856,/home/mkain/Boomi_AtomSphere/Atom/Atom_QA_mkain,America/Argentina/Buenos_Aires,UTF-8,,/usr/lib/jvm/java-default/jre,Java HotSpot(TM) 64-Bit Server VM,1.7.0_80-b15,1530037559648,477102080,1048576,amd64,Linux,4.4.0-93-generic,4,16633827328,10024697856,TRUE,1024,30,30,3
error-FakeData,8175,FakePloberData-2018-06-26T17:12:13-Rand9290,19941,19248,2018.05.15,40,Java heap space,1,1,0,2,1453,2018-05-15 11:42:33,ERROR,2018-05-15 11:42:34,32,148489318400,C:\Boomi AtomSphere\Atom - WINAPPS01.Quickbooks 2014 CA,America/New_York,windows-1252,AWS,c:\boomi atomsphere\atom - winapps01.quickbooks 2014 ca\jre,Java HotSpot(TM) Client VM,1.8.0_66-b18,1529584488657,518979584,,x86,Windows Server 2008 R2,6.1,4,17179463680,148489318400,FALSE,2048,17,30,2
error-FakeData,1026,FakePloberData-2018-06-26T17:12:13-Rand0484,31415,71254,2018.06.01,549,Java heap space,1,1,0,0,0,2018-06-01 16:21:27,ERROR,2018-06-01 16:21:35,64,257399267328,\\winfs1\DATA\Boomi AtomSphere\Cloud - Thanos,America/New_York,windows-1252,AWS,c:\java\jdk1.8.0_66\jre,Java HotSpot(TM) 64-Bit Server VM,1.8.0_66-b17,1530090143408,477626368,,amd64,Windows Server 2008 R2,6.1,2,4294561792,33847291904,TRUE,2048,36,30,2
error-FakeData,348,FakePloberData-2018-06-26T17:12:13-Rand8241,31415,90563,2018.06.12,1,Java heap space,1,1,0,0,0,2018-06-12 9:15:31,ERROR,2018-06-12 9:15:31,64,257399267328,\\winfs1\DATA\Boomi AtomSphere\Cloud - Thanos,America/New_York,windows-1252,AWS,c:\java\jdk1.8.0_66\jre,Java HotSpot(TM) 64-Bit Server VM,1.8.0_66-b17,1530090143408,477626368,,amd64,Windows Server 2008 R2,6.1,2,4294561792,33847291904,TRUE,2048,42,30,2
error-FakeData,4980,FakePloberData-2018-06-26T17:12:13-Rand2945,31415,55760,2018.04.27,37,Java heap space,1,1,0,0,0,2018-04-27 11:37:49,ERROR,2018-04-27 11:37:49,64,257399267328,\\winfs1\DATA\Boomi AtomSphere\Cloud - Thanos,America/New_York,windows-1252,AWS,c:\java\jdk1.8.0_66\jre,Java HotSpot(TM) 64-Bit Server VM,1.8.0_66-b17,1530090143408,477626368,,amd64,Windows Server 2008 R2,6.1,2,4294561792,33847291904,TRUE,2048,3,30,2
error-FakeData,7295,FakePloberData-2018-06-26T17:12:13-Rand2605,27182,87250,2018.05.16,440,Java heap space,1,1,0,0,0,2018-05-16 9:17:42,ERROR,2018-05-16 9:17:48,64,257399267328,\\winfs1\DATA\Boomi AtomSphere\Cloud - Thanos,America/New_York,windows-1252,AWS,c:\java\jdk1.8.0_66\jre,Java HotSpot(TM) 64-Bit Server VM,1.8.0_66-b17,1530090143408,477626368,,amd64,Windows Server 2008 R2,6.1,2,4294561792,33847291904,TRUE,2048,8,30,2
error-FakeData,1794,FakePloberData-2018-06-26T17:12:13-Rand4318,16180,48869,2018.05.03,1044465,Java heap space,1,1,0,0,0,2018-05-03 15:24:38,ERROR,2018-05-03 19:55:38,64,257399267328,\\winfs1\DATA\Boomi AtomSphere\Cloud - Thanos,America/New_York,windows-1252,AWS,c:\java\jdk1.8.0_66\jre,Java HotSpot(TM) 64-Bit Server VM,1.8.0_66-b17,1530090143408,477626368,,amd64,Windows Server 2008 R2,6.1,2,4294561792,33847291904,TRUE,2048,45,30,2
error-FakeData,6387,FakePloberData-2018-06-26T17:12:13-Rand6699,16180,27068,2018.05.29,128,Java heap space,1,1,0,0,0,2018-05-29 17:25:49,ERROR,2018-05-29 17:25:51,64,10024697856,/home/mkain/Boomi_AtomSphere/Atom/Atom_QA_mkain,America/Argentina/Buenos_Aires,UTF-8,,/usr/lib/jvm/java-default/jre,Java HotSpot(TM) 64-Bit Server VM,1.7.0_80-b15,1530037559648,477102080,1048576,amd64,Linux,4.4.0-93-generic,4,16633827328,10024697856,TRUE,1024,48,30,3
error-FakeData,2565,FakePloberData-2018-06-26T17:12:13-Rand8690,31415,88326,2018.05.01,1281473,Java heap space,1,1,0,0,0,2018-05-01 11:34:49,ERROR,2018-05-01 17:07:18,64,257399267328,\\winfs1\DATA\Boomi AtomSphere\Cloud - Thanos,America/New_York,windows-1252,AWS,c:\java\jdk1.8.0_66\jre,Java HotSpot(TM) 64-Bit Server VM,1.8.0_66-b17,1530090143408,477626368,,amd64,Windows Server 2008 R2,6.1,2,4294561792,33847291904,TRUE,2048,19,30,2
error-FakeData,7210,FakePloberData-2018-06-26T17:12:13-Rand6913,27182,66749,2018.05.21,155195,Java heap space,1,1,0,0,0,2018-05-21 9:31:41,ERROR,2018-05-21 10:11:57,64,257399267328,\\winfs1\DATA\Boomi AtomSphere\Cloud - Thanos,America/New_York,windows-1252,AWS,c:\java\jdk1.8.0_66\jre,Java HotSpot(TM) 64-Bit Server VM,1.8.0_66-b17,1530090143408,477626368,,amd64,Windows Server 2008 R2,6.1,2,4294561792,33847291904,TRUE,1024,43,30,3
error-FakeData,633,FakePloberData-2018-06-26T17:12:13-Rand9701,27182,96039,2018.04.17,6443,Java heap space,1,1,0,1,0,2018-04-17 9:14:03,ERROR,2018-04-17 9:15:43,64,257399267328,\\winfs1\DATA\Boomi AtomSphere\Cloud - Thanos,America/New_York,windows-1252,AWS,c:\java\jdk1.8.0_66\jre,Java HotSpot(TM) 64-Bit Server VM,1.8.0_66-b17,1530090143408,477626368,,amd64,Windows Server 2008 R2,6.1,2,4294561792,33847291904,TRUE,2048,49,30,2
error-FakeData,4181,FakePloberData-2018-06-26T17:12:13-Rand6087,25852,86230,2018.06.01,1806,Java heap space,1,1,0,1,0,2018-06-01 14:41:16,ERROR,2018-06-01 14:41:44,64,257399267328,\\winfs1\DATA\Boomi AtomSphere\Cloud - Thanos,America/New_York,windows-1252,AWS,c:\java\jdk1.8.0_66\jre,Java HotSpot(TM) 64-Bit Server VM,1.8.0_66-b17,1530090143408,477626368,,amd64,Windows Server 2008 R2,6.1,2,4294561792,33847291904,TRUE,1024,17,30,3
error-FakeData,7989,FakePloberData-2018-06-26T17:12:13-Rand8821,53583,78511,2018.05.31,490,Java heap space,1,1,0,10,9058,2018-05-31 10:30:08,ERROR,2018-05-31 10:30:15,64,257399267328,\\winfs1\DATA\Boomi AtomSphere\Cloud - Thanos,America/New_York,windows-1252,AWS,c:\java\jdk1.8.0_66\jre,Java HotSpot(TM) 64-Bit Server VM,1.8.0_66-b17,1530090143408,477626368,,amd64,Windows Server 2008 R2,6.1,2,4294561792,33847291904,TRUE,2048,50,30,2
error-FakeData,5926,FakePloberData-2018-06-26T17:12:13-Rand4883,65456,51614,2018.06.05,3,Java heap space,1,1,0,12,11286,2018-06-05 11:56:47,ERROR,2018-06-05 11:56:47,64,257399267328,\\winfs1\DATA\Boomi AtomSphere\Cloud - Thanos,America/New_York,windows-1252,AWS,c:\java\jdk1.8.0_66\jre,Java HotSpot(TM) 64-Bit Server VM,1.8.0_66-b17,1530090143408,477626368,,amd64,Windows Server 2008 R2,6.1,2,4294561792,33847291904,TRUE,2048,21,30,2
error-FakeData,9437,FakePloberData-2018-06-26T17:12:13-Rand3421,18720,72621,2018.05.16,968408,Java heap space,1,1,0,2,1453,2018-05-16 16:03:11,ERROR,2018-05-16 20:14:27,64,257399267328,\\winfs1\DATA\Boomi AtomSphere\Cloud - Thanos,America/New_York,windows-1252,AWS,c:\java\jdk1.8.0_66\jre,Java HotSpot(TM) 64-Bit Server VM,1.8.0_66-b17,1530090143408,477626368,,amd64,Windows Server 2008 R2,6.1,2,4294561792,33847291904,TRUE,1024,49,30,3
error-FakeData,8154,FakePloberData-2018-06-26T17:12:13-Rand7984,31415,47790,2018.06.04,282,Java heap space,1,1,558,0,0,2018-06-04 13:00:01,ERROR,2018-06-04 13:00:06,64,257399267328,\\winfs1\DATA\Boomi AtomSphere\Cloud - Thanos,America/New_York,windows-1252,AWS,c:\java\jdk1.8.0_66\jre,Java HotSpot(TM) 64-Bit Server VM,1.8.0_66-b17,1530090143408,477626368,,amd64,Windows Server 2008 R2,6.1,2,4294561792,33847291904,TRUE,2048,2,30,2
error-FakeData,4423,FakePloberData-2018-06-26T17:12:13-Rand7279,51065,89622,2018.04.27,3,Java heap space,1,1,0,0,0,2018-04-27 9:38:41,ERROR,2018-04-27 9:38:41,64,257399267328,\\winfs1\DATA\Boomi AtomSphere\Cloud - Thanos,America/New_York,windows-1252,AWS,c:\java\jdk1.8.0_66\jre,Java HotSpot(TM) 64-Bit Server VM,1.8.0_66-b17,1530090143408,477626368,,amd64,Windows Server 2008 R2,6.1,2,4294561792,33847291904,TRUE,2048,21,30,2
error-FakeData,1173,FakePloberData-2018-06-26T17:12:13-Rand7835,31415,66543,2018.06.06,15203,Java heap space,1,1,0,0,0,2018-06-06 13:05:51,ERROR,2018-06-06 13:09:47,64,257399267328,\\winfs1\DATA\Boomi AtomSphere\Cloud - Thanos,America/New_York,windows-1252,AWS,c:\java\jdk1.8.0_66\jre,Java HotSpot(TM) 64-Bit Server VM,1.8.0_66-b17,1530090143408,477626368,,amd64,Windows Server 2008 R2,6.1,2,4294561792,33847291904,TRUE,1024,34,30,3
error-FakeData,5061,FakePloberData-2018-06-26T17:12:13-Rand8531,25852,54547,2018.05.10,1,Java heap space,1,1,0,0,0,2018-05-10 12:46:12,ERROR,2018-05-10 12:46:12,64,257399267328,\\winfs1\DATA\Boomi AtomSphere\Cloud - Thanos,America/New_York,windows-1252,AWS,c:\java\jdk1.8.0_66\jre,Java HotSpot(TM) 64-Bit Server VM,1.8.0_66-b17,1530090143408,477626368,,amd64,Windows Server 2008 R2,6.1,2,4294561792,33847291904,TRUE,1024,8,30,3
error-FakeData,2489,FakePloberData-2018-06-26T17:12:13-Rand9302,16180,18631,2018.04.17,575,Java heap space,1,1,0,0,0,2018-04-17 17:22:28,ERROR,2018-04-17 17:22:37,32,148489318400,C:\Boomi AtomSphere\Atom - WINAPPS01.Quickbooks 2014 CA,America/New_York,windows-1252,AWS,c:\boomi atomsphere\atom - winapps01.quickbooks 2014 ca\jre,Java HotSpot(TM) Client VM,1.8.0_66-b18,1529584488657,518979584,,x86,Windows Server 2008 R2,6.1,4,17179463680,148489318400,FALSE,2048,28,30,2
error-FakeData,5492,FakePloberData-2018-06-26T17:12:13-Rand9885,31415,43103,2018.06.03,103,Java heap space,1,1,0,0,0,2018-06-03 17:54:13,ERROR,2018-06-03 17:54:15,64,257399267328,\\winfs1\DATA\Boomi AtomSphere\Cloud - Thanos,America/New_York,windows-1252,AWS,c:\java\jdk1.8.0_66\jre,Java HotSpot(TM) 64-Bit Server VM,1.8.0_66-b17,1530090143408,477626368,,amd64,Windows Server 2008 R2,6.1,2,4294561792,33847291904,TRUE,2048,26,30,2
error-FakeData,990,FakePloberData-2018-06-26T17:12:13-Rand1078,47803,90894,2018.05.10,2,Java heap space,1,1,0,0,0,2018-05-10 16:43:57,ERROR,2018-05-10 16:43:57,64,257399267328,\\winfs1\DATA\Boomi AtomSphere\Cloud - Thanos,America/New_York,windows-1252,AWS,c:\java\jdk1.8.0_66\jre,Java HotSpot(TM) 64-Bit Server VM,1.8.0_66-b17,1530090143408,477626368,,amd64,Windows Server 2008 R2,6.1,2,4294561792,33847291904,TRUE,2048,16,30,2
error-FakeData,3748,FakePloberData-2018-06-26T17:12:13-Rand9962,31415,30805,2018.05.15,725839,Java heap space,1,1,0,0,0,2018-05-15 9:34:52,ERROR,2018-05-15 12:43:12,64,10024697856,/home/mkain/Boomi_AtomSphere/Atom/Atom_QA_mkain,America/Argentina/Buenos_Aires,UTF-8,,/usr/lib/jvm/java-default/jre,Java HotSpot(TM) 64-Bit Server VM,1.7.0_80-b15,1530037559648,477102080,1048576,amd64,Linux,4.4.0-93-generic,4,16633827328,10024697856,TRUE,1024,37,30,3
error-FakeData,3511,FakePloberData-2018-06-26T17:12:13-Rand7618,16180,96127,2018.05.28,1569,Java heap space,1,1,0,1,0,2018-05-28 12:51:22,ERROR,2018-05-28 12:51:47,64,257399267328,\\winfs1\DATA\Boomi AtomSphere\Cloud - Thanos,America/New_York,windows-1252,AWS,c:\java\jdk1.8.0_66\jre,Java HotSpot(TM) 64-Bit Server VM,1.8.0_66-b17,1530090143408,477626368,,amd64,Windows Server 2008 R2,6.1,2,4294561792,33847291904,TRUE,1024,37,30,3
error-FakeData,7760,FakePloberData-2018-06-26T17:12:13-Rand3575,82423,78736,2018.05.08,134,Java heap space,1,1,578,1,0,2018-05-08 12:07:47,ERROR,2018-05-08 12:07:49,64,257399267328,\\winfs1\DATA\Boomi AtomSphere\Cloud - Thanos,America/New_York,windows-1252,AWS,c:\java\jdk1.8.0_66\jre,Java HotSpot(TM) 64-Bit Server VM,1.8.0_66-b17,1530090143408,477626368,,amd64,Windows Server 2008 R2,6.1,2,4294561792,33847291904,TRUE,1024,19,30,3
error-FakeData,7210,FakePloberData-2018-06-26T17:12:13-Rand3136,31415,44521,2018.05.18,2,Java heap space,1,1,0,10,9058,2018-05-18 13:27:19,ERROR,2018-05-18 13:27:19,64,257399267328,\\winfs1\DATA\Boomi AtomSphere\Cloud - Thanos,America/New_York,windows-1252,AWS,c:\java\jdk1.8.0_66\jre,Java HotSpot(TM) 64-Bit Server VM,1.8.0_66-b17,1530090143408,477626368,,amd64,Windows Server 2008 R2,6.1,2,4294561792,33847291904,TRUE,1024,12,30,3
error-FakeData,415,FakePloberData-2018-06-26T17:12:13-Rand6571,31415,44951,2018.06.08,961183,Java heap space,1,1,0,12,11286,2018-06-08 12:21:55,ERROR,2018-06-08 16:31:18,64,257399267328,\\winfs1\DATA\Boomi AtomSphere\Cloud - Thanos,America/New_York,windows-1252,AWS,c:\java\jdk1.8.0_66\jre,Java HotSpot(TM) 64-Bit Server VM,1.8.0_66-b17,1530090143408,477626368,,amd64,Windows Server 2008 R2,6.1,2,4294561792,33847291904,TRUE,2048,37,30,2
error-FakeData,3398,FakePloberData-2018-06-26T17:12:13-Rand4165,78325,55780,2018.04.21,11,Java heap space,1,1,0,2,1453,2018-04-21 15:54:19,ERROR,2018-04-21 15:54:20,64,257399267328,\\winfs1\DATA\Boomi AtomSphere\Cloud - Thanos,America/New_York,windows-1252,AWS,c:\java\jdk1.8.0_66\jre,Java HotSpot(TM) 64-Bit Server VM,1.8.0_66-b17,1530090143408,477626368,,amd64,Windows Server 2008 R2,6.1,2,4294561792,33847291904,TRUE,1024,17,30,3
error-FakeData,7074,FakePloberData-2018-06-26T17:12:13-Rand8408,15935,75820,2018.05.28,14989,Java heap space,1,1,0,0,0,2018-05-28 16:09:14,ERROR,2018-05-28 16:13:08,64,257399267328,\\winfs1\DATA\Boomi AtomSphere\Cloud - Thanos,America/New_York,windows-1252,AWS,c:\java\jdk1.8.0_66\jre,Java HotSpot(TM) 64-Bit Server VM,1.8.0_66-b17,1530090143408,477626368,,amd64,Windows Server 2008 R2,6.1,2,4294561792,33847291904,TRUE,2048,34,30,2
error-FakeData,2402,FakePloberData-2018-06-26T17:12:13-Rand6311,96103,35581,2018.04.27,187,Java heap space,1,1,0,0,0,2018-04-27 9:47:25,ERROR,2018-04-27 9:47:28,32,152375869440,C:\Boomi AtomSphere\Molecule - Molekule,America/New_York,windows-1252,,c:\boomi atomsphere\atom - w104s33n32.aus.amer.dell.com\jre,Java HotSpot(TM) Client VM,1.8.0_66-b18,1528819820993,518979584,,x86,Windows 10,10,8,17078124544,152375869440,FALSE,2048,30,30,2
error-FakeData,4044,FakePloberData-2018-06-26T17:12:13-Rand0124,27182,46554,2018.04.20,6,Java heap space,1,1,0,0,0,2018-04-20 17:39:24,ERROR,2018-04-20 17:39:24,64,257399267328,\\winfs1\DATA\Boomi AtomSphere\Cloud - Thanos,America/New_York,windows-1252,AWS,c:\java\jdk1.8.0_66\jre,Java HotSpot(TM) 64-Bit Server VM,1.8.0_66-b17,1530090143408,477626368,,amd64,Windows Server 2008 R2,6.1,2,4294561792,33847291904,TRUE,2048,48,30,2
error-FakeData,10,FakePloberData-2018-06-26T17:12:13-Rand8928,11747,30226,2018.06.08,59,Java heap space,1,1,561,0,0,2018-06-08 11:27:17,ERROR,2018-06-08 11:27:18,64,10024697856,/home/mkain/Boomi_AtomSphere/Atom/Atom_QA_mkain,America/Argentina/Buenos_Aires,UTF-8,,/usr/lib/jvm/java-default/jre,Java HotSpot(TM) 64-Bit Server VM,1.7.0_80-b15,1530037559648,477102080,1048576,amd64,Linux,4.4.0-93-generic,4,16633827328,10024697856,TRUE,2048,30,30,2
error-FakeData,6065,FakePloberData-2018-06-26T17:12:13-Rand4941,31415,21880,2018.06.08,188,Java heap space,1,1,0,0,0,2018-06-08 17:42:00,ERROR,2018-06-08 17:42:03,64,756529897472,C:\Boomi AtomSphere\Atom - QAREGRESSION01 SFTP Proxy,America/New_York,windows-1252,AWS,c:\program files\java\jdk1.8.0_111\jre,Java HotSpot(TM) 64-Bit Server VM,1.8.0_111-b14,1530090206477,477626368,,amd64,Windows NT (unknown),10,4,8052654080,756529897472,FALSE,1024,46,30,3
error-FakeData,1122,FakePloberData-2018-06-26T17:12:13-Rand2667,31415,17871,2018.05.08,2829,Java heap space,1,1,0,0,0,2018-05-08 14:37:48,ERROR,2018-05-08 14:38:32,32,148489318400,C:\Boomi AtomSphere\Atom - WINAPPS01.Quickbooks 2014 CA,America/New_York,windows-1252,AWS,c:\boomi atomsphere\atom - winapps01.quickbooks 2014 ca\jre,Java HotSpot(TM) Client VM,1.8.0_66-b18,1529584488657,518979584,,x86,Windows Server 2008 R2,6.1,4,17179463680,148489318400,FALSE,1024,45,30,3
error-FakeData,7416,FakePloberData-2018-06-26T17:12:13-Rand6266,25852,50118,2018.05.29,5,Java heap space,1,1,0,0,0,2018-05-29 11:00:06,ERROR,2018-05-29 11:00:06,64,257399267328,\\winfs1\DATA\Boomi AtomSphere\Cloud - Thanos,America/New_York,windows-1252,AWS,c:\java\jdk1.8.0_66\jre,Java HotSpot(TM) 64-Bit Server VM,1.8.0_66-b17,1530090143408,477626368,,amd64,Windows Server 2008 R2,6.1,2,4294561792,33847291904,TRUE,2048,18,30,2
error-FakeData,8898,FakePloberData-2018-06-26T17:12:13-Rand4922,31415,96171,2018.05.25,268816,Java heap space,1,1,0,0,0,2018-05-25 16:55:56,ERROR,2018-05-25 18:05:41,64,257399267328,\\winfs1\DATA\Boomi AtomSphere\Cloud - Thanos,America/New_York,windows-1252,AWS,c:\java\jdk1.8.0_66\jre,Java HotSpot(TM) 64-Bit Server VM,1.8.0_66-b17,1530090143408,477626368,,amd64,Windows Server 2008 R2,6.1,2,4294561792,33847291904,TRUE,2048,28,30,2
error-FakeData,7547,FakePloberData-2018-06-26T17:12:13-Rand4775,31415,45323,2018.05.30,17176,Java heap space,1,1,0,1,0,2018-05-30 14:11:06,ERROR,2018-05-30 14:15:33,64,257399267328,\\winfs1\DATA\Boomi AtomSphere\Cloud - Thanos,America/New_York,windows-1252,AWS,c:\java\jdk1.8.0_66\jre,Java HotSpot(TM) 64-Bit Server VM,1.8.0_66-b17,1530090143408,477626368,,amd64,Windows Server 2008 R2,6.1,2,4294561792,33847291904,TRUE,2048,2,30,2
error-FakeData,3702,FakePloberData-2018-06-26T17:12:13-Rand2632,27182,15929,2018.06.18,313,Java heap space,1,1,0,1,0,2018-06-18 15:00:40,ERROR,2018-06-18 15:00:45,64,117581639680,C:\Boomi AtomSphere\Atom - WebServiceRegressionHTTPHeaderAuth,America/New_York,windows-1252,AWS,c:\program files\java\jdk1.8.0_31\jre,Java HotSpot(TM) 64-Bit Server VM,1.8.0_31-b13,1530090170906,477626368,,amd64,Windows Server 2008 R2,6.1,4,8052658176,117581639680,FALSE,2048,11,30,2
error-FakeData,175,FakePloberData-2018-06-26T17:12:13-Rand2299,31415,73783,2018.05.23,145739,Java heap space,1,1,0,10,9058,2018-05-23 17:54:42,ERROR,2018-05-23 18:32:30,64,257399267328,\\winfs1\DATA\Boomi AtomSphere\Cloud - Thanos,America/New_York,windows-1252,AWS,c:\java\jdk1.8.0_66\jre,Java HotSpot(TM) 64-Bit Server VM,1.8.0_66-b17,1530090143408,477626368,,amd64,Windows Server 2008 R2,6.1,2,4294561792,33847291904,TRUE,2048,31,30,2
error-FakeData,9517,FakePloberData-2018-06-26T17:12:13-Rand4881,31415,13966,2018.05.18,1,Java heap space,1,1,528,12,11286,2018-05-18 12:02:08,ERROR,2018-05-18 12:02:08,64,405456355328,/mnt/data/cloud/Biggie,US/Eastern,UTF-8,AWS,/usr/java/jdk1.8.0_66/jre,Java HotSpot(TM) 64-Bit Server VM,1.8.0_66-b17,1529585393691,1908932608,8192,amd64,Linux,2.6.32-696.23.1.el6.x86_64,4,7855697920,58102837248,TRUE,4096,37,14,3
error-FakeData,7850,FakePloberData-2018-06-26T17:12:13-Rand7474,18720,65211,2018.04.23,292127,Java heap space,1,1,0,2,1453,2018-04-23 9:30:46,ERROR,2018-04-23 10:46:34,64,257399267328,\\winfs1\DATA\Boomi AtomSphere\Cloud - Thanos,America/New_York,windows-1252,AWS,c:\java\jdk1.8.0_66\jre,Java HotSpot(TM) 64-Bit Server VM,1.8.0_66-b17,1530090143408,477626368,,amd64,Windows Server 2008 R2,6.1,2,4294561792,33847291904,TRUE,2048,23,30,2
error-FakeData,4985,FakePloberData-2018-06-26T17:12:13-Rand6141,31415,36620,2018.05.10,2067,Java heap space,1,1,0,0,0,2018-05-10 11:30:42,ERROR,2018-05-10 11:31:15,64,359612477440,/opt/Boomi_AtomSphere/Atom/Atom_ninaqa_atom,America/New_York,UTF-8,,/usr/java/jdk1.8.0_66/jre,Java HotSpot(TM) 64-Bit Server VM,1.8.0_66-b17,1529695880535,477626368,1048576,amd64,Linux,4.13.0-36-generic,8,33562968064,359612477440,TRUE,2048,32,30,2
error-FakeData,9020,FakePloberData-2018-06-26T17:12:13-Rand4942,31415,50680,2018.05.04,6,Java heap space,1,1,0,0,0,2018-05-04 12:38:58,ERROR,2018-05-04 12:38:58,64,257399267328,\\winfs1\DATA\Boomi AtomSphere\Cloud - Thanos,America/New_York,windows-1252,AWS,c:\java\jdk1.8.0_66\jre,Java HotSpot(TM) 64-Bit Server VM,1.8.0_66-b17,1530090143408,477626368,,amd64,Windows Server 2008 R2,6.1,2,4294561792,33847291904,TRUE,1024,12,30,3
error-FakeData,202,FakePloberData-2018-06-26T17:12:13-Rand7748,11747,13547,2018.06.05,1165,Java heap space,1,1,0,0,0,2018-06-05 17:23:13,ERROR,2018-06-05 17:23:31,64,405456355328,/mnt/data/cloud/Biggie,US/Eastern,UTF-8,AWS,/usr/java/jdk1.8.0_66/jre,Java HotSpot(TM) 64-Bit Server VM,1.8.0_66-b17,1529585393691,1908932608,8192,amd64,Linux,2.6.32-696.23.1.el6.x86_64,4,7855697920,58102837248,TRUE,2048,11,14,3
error-FakeData,6126,FakePloberData-2018-06-26T17:12:13-Rand3092,31415,50941,2018.04.27,17,Java heap space,1,1,0,0,0,2018-04-27 14:06:51,ERROR,2018-04-27 14:06:51,64,257399267328,\\winfs1\DATA\Boomi AtomSphere\Cloud - Thanos,America/New_York,windows-1252,AWS,c:\java\jdk1.8.0_66\jre,Java HotSpot(TM) 64-Bit Server VM,1.8.0_66-b17,1530090143408,477626368,,amd64,Windows Server 2008 R2,6.1,2,4294561792,33847291904,TRUE,1024,36,30,3
error-FakeData,8389,FakePloberData-2018-06-26T17:12:13-Rand6046,29176,70631,2018.04.27,240,Java heap space,1,1,0,0,0,2018-04-27 9:22:10,ERROR,2018-04-27 9:22:14,64,257399267328,\\winfs1\DATA\Boomi AtomSphere\Cloud - Thanos,America/New_York,windows-1252,AWS,c:\java\jdk1.8.0_66\jre,Java HotSpot(TM) 64-Bit Server VM,1.8.0_66-b17,1530090143408,477626368,,amd64,Windows Server 2008 R2,6.1,2,4294561792,33847291904,TRUE,2048,22,30,2
error-FakeData,7972,FakePloberData-2018-06-26T17:12:13-Rand0591,31415,46543,2018.05.28,3214048,Java heap space,1,1,0,0,0,2018-05-28 14:37:35,ERROR,2018-05-29 4:31:30,64,257399267328,\\winfs1\DATA\Boomi AtomSphere\Cloud - Thanos,America/New_York,windows-1252,AWS,c:\java\jdk1.8.0_66\jre,Java HotSpot(TM) 64-Bit Server VM,1.8.0_66-b17,1530090143408,477626368,,amd64,Windows Server 2008 R2,6.1,2,4294561792,33847291904,TRUE,2048,33,30,2
NULL,22,execution-1811dbfe-4e9b-41f2-8d23-568c4ef482ba-2018.05.30,24830,38736,2018.05.30,3906,NULL,0,980,619933,0,0,2018-05-30 13:00:20,COMPLETE,2018-05-30 13:00:26,64,399048478720,C:\Boomi AtomSphere\Cloud - maya,America/New_York,windows-1252,,c:\program files\java\jdk1.8.0_161\jre,Java HotSpot(TM) 64-Bit Server VM,1.8.0_161-b12,1530012534282,477626368,,amd64,Windows 10,10,8,17078124544,399048478720,TRUE,4096,25,30,1
NULL,2,execution-1392cb22-ac71-4365-b239-8f22e32baacf-2018.05.30,10784,13344,2018.05.30,81,NULL,0,1,0,0,0,2018-05-30 13:19:00,COMPLETE,2018-05-30 13:19:05,64,117582151680,C:\Program Files\Boomi AtomSphere\Atom - labqawin6 - Connector Regression for Charles Prox,America/New_York,windows-1252,AWS,c:\program files\java\jre7,Java HotSpot(TM) 64-Bit Server VM,1.7.0_55-b13,1530090162608,477102080,,amd64,Windows Server 2008 R2,6.1,4,8052658176,117582151680,FALSE,4096,45,30,1
NULL,4394,execution-3216fe33-9cd9-4ac3-a9df-b646a095d979-2018.05.30,24573,13547,2018.05.30,10401,NULL,0,1,0,5,106,2018-05-30 13:20:00,COMPLETE,2018-05-30 13:20:14,64,405456355328,/mnt/data/cloud/Biggie,US/Eastern,UTF-8,AWS,/usr/java/jdk1.8.0_66/jre,Java HotSpot(TM) 64-Bit Server VM,1.8.0_66-b17,1529585393691,1908932608,8192,amd64,Linux,2.6.32-696.23.1.el6.x86_64,4,7855697920,58102837248,TRUE,1024,6,14,1
NULL,4400,execution-154d5c3d-35cb-43f2-a3cc-777bc2409067-2018.05.30,24573,13547,2018.05.30,46195,NULL,0,1,0,9,6885649,2018-05-30 13:24:01,COMPLETE,2018-05-30 13:24:48,64,405456355328,/mnt/data/cloud/Biggie,US/Eastern,UTF-8,AWS,/usr/java/jdk1.8.0_66/jre,Java HotSpot(TM) 64-Bit Server VM,1.8.0_66-b17,1529585393691,1908932608,8192,amd64,Linux,2.6.32-696.23.1.el6.x86_64,4,7855697920,58102837248,TRUE,1024,47,14,1
NULL,4174,execution-00337a2c-767f-4f2c-9bde-2e83d9e5372c-2018.05.30,24573,13547,2018.05.30,49984,NULL,0,1,0,5,338,2018-05-30 13:34:01,COMPLETE,2018-05-30 13:34:54,64,405456355328,/mnt/data/cloud/Biggie,US/Eastern,UTF-8,AWS,/usr/java/jdk1.8.0_66/jre,Java HotSpot(TM) 64-Bit Server VM,1.8.0_66-b17,1529585393691,1908932608,8192,amd64,Linux,2.6.32-696.23.1.el6.x86_64,4,7855697920,58102837248,TRUE,1024,29,14,1
NULL,2,execution-149cd103-ae3d-40bc-a9f0-1f51374145b8-2018.05.30,10784,13344,2018.05.30,86,NULL,0,1,0,0,0,2018-05-30 13:43:00,COMPLETE,2018-05-30 13:43:05,64,117582151680,C:\Program Files\Boomi AtomSphere\Atom - labqawin6 - Connector Regression for Charles Prox,America/New_York,windows-1252,AWS,c:\program files\java\jre7,Java HotSpot(TM) 64-Bit Server VM,1.7.0_55-b13,1530090162608,477102080,,amd64,Windows Server 2008 R2,6.1,4,8052658176,117582151680,FALSE,4096,22,30,1
NULL,26334,execution-2a0315f7-fbaa-4e56-9ba5-d5a521da572f-2018.05.30,11665,13547,2018.05.30,48166,NULL,0,1,0,7,395,2018-05-30 13:57:07,COMPLETE,2018-05-30 13:57:59,64,405456355328,/mnt/data/cloud/Biggie,US/Eastern,UTF-8,AWS,/usr/java/jdk1.8.0_66/jre,Java HotSpot(TM) 64-Bit Server VM,1.8.0_66-b17,1529585393691,1908932608,8192,amd64,Linux,2.6.32-696.23.1.el6.x86_64,4,7855697920,58102837248,TRUE,1024,28,14,1
NULL,2,execution-1bc3efb8-8701-4468-936a-d4d5e693ea90-2018.05.30,10784,13344,2018.05.30,69,NULL,0,1,0,0,0,2018-05-30 14:54:00,COMPLETE,2018-05-30 14:54:05,64,117582151680,C:\Program Files\Boomi AtomSphere\Atom - labqawin6 - Connector Regression for Charles Prox,America/New_York,windows-1252,AWS,c:\program files\java\jre7,Java HotSpot(TM) 64-Bit Server VM,1.7.0_55-b13,1530090162608,477102080,,amd64,Windows Server 2008 R2,6.1,4,8052658176,117582151680,FALSE,4096,19,30,1
NULL,4240,execution-118fb25e-cc7f-46af-ad24-8978df412b06-2018.05.30,18255,13547,2018.05.30,4724,NULL,0,1,0,0,0,2018-05-30 15:14:00,COMPLETE,2018-05-30 15:14:11,64,405456355328,/mnt/data/cloud/Biggie,US/Eastern,UTF-8,AWS,/usr/java/jdk1.8.0_66/jre,Java HotSpot(TM) 64-Bit Server VM,1.8.0_66-b17,1529585393691,1908932608,8192,amd64,Linux,2.6.32-696.23.1.el6.x86_64,4,7855697920,58102837248,TRUE,1024,2,14,1
NULL,3,execution-256bd4c2-47b1-40a1-adc9-b64b797bcda1-2018.05.30,10784,13344,2018.05.30,130,NULL,0,1,0,0,0,2018-05-30 15:23:00,COMPLETE,2018-05-30 15:23:05,64,117582151680,C:\Program Files\Boomi AtomSphere\Atom - labqawin6 - Connector Regression for Charles Prox,America/New_York,windows-1252,AWS,c:\program files\java\jre7,Java HotSpot(TM) 64-Bit Server VM,1.7.0_55-b13,1530090162608,477102080,,amd64,Windows Server 2008 R2,6.1,4,8052658176,117582151680,FALSE,4096,43,30,1
NULL,272,execution-2173e4ca-51ed-46b2-8cfc-dc3360734faf-2018.05.30,22524,39251,2018.05.30,1644,NULL,0,1,0,1,208,2018-05-30 15:28:48,COMPLETE,2018-05-30 15:28:50,64,375841837056,/home/beaston/Boomi_AtomSphere/Atom/Atom_easton_qa,America/New_York,UTF-8,,/usr/java/java-8/jre,Java HotSpot(TM) 64-Bit Server VM,1.8.0_151-b12,1529627012139,477626368,1048576,amd64,Linux,4.4.0-128-generic,8,33578242048,375841837056,FALSE,4096,8,30,1
NULL,3,execution-0826aab3-6bcb-410b-921b-fff62b98255d-2018.05.30,10784,13344,2018.05.30,99,NULL,0,1,0,0,0,2018-05-30 15:35:00,COMPLETE,2018-05-30 15:35:05,64,117582151680,C:\Program Files\Boomi AtomSphere\Atom - labqawin6 - Connector Regression for Charles Prox,America/New_York,windows-1252,AWS,c:\program files\java\jre7,Java HotSpot(TM) 64-Bit Server VM,1.7.0_55-b13,1530090162608,477102080,,amd64,Windows Server 2008 R2,6.1,4,8052658176,117582151680,FALSE,4096,5,30,1
NULL,3,execution-1b73433e-1641-4e6d-9610-ea7540e4f89a-2018.05.30,10784,13344,2018.05.30,70,NULL,0,1,0,0,0,2018-05-30 15:35:00,COMPLETE,2018-05-30 15:35:05,64,117582151680,C:\Program Files\Boomi AtomSphere\Atom - labqawin6 - Connector Regression for Charles Prox,America/New_York,windows-1252,AWS,c:\program files\java\jre7,Java HotSpot(TM) 64-Bit Server VM,1.7.0_55-b13,1530090162608,477102080,,amd64,Windows Server 2008 R2,6.1,4,8052658176,117582151680,FALSE,4096,34,30,1
NULL,3640,execution-0ccba79b-6d40-4444-bca2-339795a60538-2018.05.30,18255,13547,2018.05.30,4252,NULL,0,1,0,0,0,2018-05-30 15:38:00,COMPLETE,2018-05-30 15:38:08,64,405456355328,/mnt/data/cloud/Biggie,US/Eastern,UTF-8,AWS,/usr/java/jdk1.8.0_66/jre,Java HotSpot(TM) 64-Bit Server VM,1.8.0_66-b17,1529585393691,1908932608,8192,amd64,Linux,2.6.32-696.23.1.el6.x86_64,4,7855697920,58102837248,TRUE,1024,31,14,1
NULL,3,execution-29277f12-2479-4886-a46f-aaf4f9553152-2018.05.30,10784,13344,2018.05.30,127,NULL,0,1,0,0,0,2018-05-30 16:09:00,COMPLETE,2018-05-30 16:09:05,64,117582151680,C:\Program Files\Boomi AtomSphere\Atom - labqawin6 - Connector Regression for Charles Prox,America/New_York,windows-1252,AWS,c:\program files\java\jre7,Java HotSpot(TM) 64-Bit Server VM,1.7.0_55-b13,1530090162608,477102080,,amd64,Windows Server 2008 R2,6.1,4,8052658176,117582151680,FALSE,4096,25,30,1
NULL,3620,execution-2f6e29a2-ce6c-405f-be1a-6ffb96f1b682-2018.05.30,18255,13547,2018.05.30,4112,NULL,0,1,0,0,0,2018-05-30 16:18:00,COMPLETE,2018-05-30 16:18:08,64,405456355328,/mnt/data/cloud/Biggie,US/Eastern,UTF-8,AWS,/usr/java/jdk1.8.0_66/jre,Java HotSpot(TM) 64-Bit Server VM,1.8.0_66-b17,1529585393691,1908932608,8192,amd64,Linux,2.6.32-696.23.1.el6.x86_64,4,7855697920,58102837248,TRUE,1024,36,14,1
NULL,3,execution-058f0f12-cc42-4cab-920b-c697e1d8ff89-2018.05.30,10784,13344,2018.05.30,64,NULL,0,1,0,0,0,2018-05-30 16:40:00,COMPLETE,2018-05-30 16:40:06,64,117582151680,C:\Program Files\Boomi AtomSphere\Atom - labqawin6 - Connector Regression for Charles Prox,America/New_York,windows-1252,AWS,c:\program files\java\jre7,Java HotSpot(TM) 64-Bit Server VM,1.7.0_55-b13,1530090162608,477102080,,amd64,Windows Server 2008 R2,6.1,4,8052658176,117582151680,FALSE,4096,46,30,1
NULL,6150,execution-235d5b0d-40e8-4550-a84d-6912544cfd06-2018.05.30,19718,13547,2018.05.30,8505,NULL,0,1,0,0,0,2018-05-30 16:45:01,COMPLETE,2018-05-30 16:45:14,64,405456355328,/mnt/data/cloud/Biggie,US/Eastern,UTF-8,AWS,/usr/java/jdk1.8.0_66/jre,Java HotSpot(TM) 64-Bit Server VM,1.8.0_66-b17,1529585393691,1908932608,8192,amd64,Linux,2.6.32-696.23.1.el6.x86_64,4,7855697920,58102837248,TRUE,1024,4,14,1
NULL,4097,execution-1a146808-47fe-4b6a-a80d-7d8081fa1589-2018.05.30,18255,13547,2018.05.30,4550,NULL,0,1,0,0,0,2018-05-30 17:12:00,COMPLETE,2018-05-30 17:12:06,64,405456355328,/mnt/data/cloud/Biggie,US/Eastern,UTF-8,AWS,/usr/java/jdk1.8.0_66/jre,Java HotSpot(TM) 64-Bit Server VM,1.8.0_66-b17,1529585393691,1908932608,8192,amd64,Linux,2.6.32-696.23.1.el6.x86_64,4,7855697920,58102837248,TRUE,1024,49,14,1
NULL,9167,execution-213baf7f-f103-475b-9396-e8576880fde5-2018.05.30,11715,13547,2018.05.30,29574,NULL,0,1,0,52,162184,2018-05-30 17:35:19,COMPLETE,2018-05-30 17:35:52,64,405456355328,/mnt/data/cloud/Biggie,US/Eastern,UTF-8,AWS,/usr/java/jdk1.8.0_66/jre,Java HotSpot(TM) 64-Bit Server VM,1.8.0_66-b17,1529585393691,1908932608,8192,amd64,Linux,2.6.32-696.23.1.el6.x86_64,4,7855697920,58102837248,TRUE,1024,29,14,1
NULL,15,execution-2b75394b-8f88-435b-9f0a-d534a458153b-2018.05.30,11832,15322,2018.05.30,943,NULL,0,1,379,1,0,2018-05-30 17:39:46,COMPLETE,2018-05-30 17:39:47,64,489725919232,C:\Boomi AtomSphere\Atom - labqawin1 SOAP Client Atom Imported Server Cert,America/New_York,windows-1252,AWS,c:\program files\java\jre1.8.0_66,Java HotSpot(TM) 64-Bit Server VM,1.8.0_66-b17,1529584498011,477626368,,amd64,Windows Server 2008 R2,6.1,4,8052658176,489725919232,FALSE,4096,19,30,1
NULL,88498,execution-2dd052bc-34a0-4da1-8242-24558486cf74-2018.05.30,11743,13547,2018.05.30,101893,NULL,0,1,0,3,422,2018-05-30 17:41:46,COMPLETE,2018-05-30 17:43:29,64,405456355328,/mnt/data/cloud/Biggie,US/Eastern,UTF-8,AWS,/usr/java/jdk1.8.0_66/jre,Java HotSpot(TM) 64-Bit Server VM,1.8.0_66-b17,1529585393691,1908932608,8192,amd64,Linux,2.6.32-696.23.1.el6.x86_64,4,7855697920,58102837248,TRUE,1024,37,14,1
NULL,88546,execution-1cde474b-8663-4413-b901-59b08e5d6a73-2018.05.30,11665,13547,2018.05.30,100386,NULL,0,1,92,0,0,2018-05-30 17:42:08,COMPLETE,2018-05-30 17:43:55,64,405456355328,/mnt/data/cloud/Biggie,US/Eastern,UTF-8,AWS,/usr/java/jdk1.8.0_66/jre,Java HotSpot(TM) 64-Bit Server VM,1.8.0_66-b17,1529585393691,1908932608,8192,amd64,Linux,2.6.32-696.23.1.el6.x86_64,4,7855697920,58102837248,TRUE,1024,25,14,1
NULL,47862,execution-3211f970-a59a-4669-9793-869350b5797d-2018.05.30,12030,13547,2018.05.30,85459,NULL,0,4,87215,60,76556,2018-05-30 17:42:55,COMPLETE,2018-05-30 17:44:26,64,405456355328,/mnt/data/cloud/Biggie,US/Eastern,UTF-8,AWS,/usr/java/jdk1.8.0_66/jre,Java HotSpot(TM) 64-Bit Server VM,1.8.0_66-b17,1529585393691,1908932608,8192,amd64,Linux,2.6.32-696.23.1.el6.x86_64,4,7855697920,58102837248,TRUE,1024,19,14,1
NULL,3,execution-0a355c96-dc15-426b-83c4-0a96b0d25713-2018.05.30,10784,13344,2018.05.30,102,NULL,0,1,0,0,0,2018-05-30 18:05:00,COMPLETE,2018-05-30 18:05:01,64,117582151680,C:\Program Files\Boomi AtomSphere\Atom - labqawin6 - Connector Regression for Charles Prox,America/New_York,windows-1252,AWS,c:\program files\java\jre7,Java HotSpot(TM) 64-Bit Server VM,1.7.0_55-b13,1530090162608,477102080,,amd64,Windows Server 2008 R2,6.1,4,8052658176,117582151680,FALSE,4096,34,30,1
NULL,2,execution-26f1ba01-ab1f-4525-b75a-200ec62e8e97-2018.05.30,10784,13344,2018.05.30,131,NULL,0,1,0,0,0,2018-05-30 18:56:00,COMPLETE,2018-05-30 18:56:02,64,117582151680,C:\Program Files\Boomi AtomSphere\Atom - labqawin6 - Connector Regression for Charles Prox,America/New_York,windows-1252,AWS,c:\program files\java\jre7,Java HotSpot(TM) 64-Bit Server VM,1.7.0_55-b13,1530090162608,477102080,,amd64,Windows Server 2008 R2,6.1,4,8052658176,117582151680,FALSE,4096,41,30,1
NULL,3550,execution-2b5b0d80-03ad-4526-9c4b-669d91256142-2018.05.31,18255,13547,2018.05.31,3874,NULL,0,1,0,0,0,2018-05-31 8:27:00,COMPLETE,2018-05-31 8:27:05,64,405456355328,/mnt/data/cloud/Biggie,US/Eastern,UTF-8,AWS,/usr/java/jdk1.8.0_66/jre,Java HotSpot(TM) 64-Bit Server VM,1.8.0_66-b17,1529585393691,1908932608,8192,amd64,Linux,2.6.32-696.23.1.el6.x86_64,4,7855697920,58102837248,TRUE,1024,28,14,1
NULL,4,execution-104c6604-e35b-4af1-8767-ad4ca409928f-2018.05.31,10784,13344,2018.05.31,66,NULL,0,1,0,0,0,2018-05-31 9:30:00,COMPLETE,2018-05-31 9:30:01,64,117582151680,C:\Program Files\Boomi AtomSphere\Atom - labqawin6 - Connector Regression for Charles Prox,America/New_York,windows-1252,AWS,c:\program files\java\jre7,Java HotSpot(TM) 64-Bit Server VM,1.7.0_55-b13,1530090162608,477102080,,amd64,Windows Server 2008 R2,6.1,4,8052658176,117582151680,FALSE,4096,19,30,1
NULL,3,execution-18344286-573a-4166-a237-8072b8abad18-2018.05.31,10784,13344,2018.05.31,86,NULL,0,1,0,0,0,2018-05-31 9:32:00,COMPLETE,2018-05-31 9:32:01,64,117582151680,C:\Program Files\Boomi AtomSphere\Atom - labqawin6 - Connector Regression for Charles Prox,America/New_York,windows-1252,AWS,c:\program files\java\jre7,Java HotSpot(TM) 64-Bit Server VM,1.7.0_55-b13,1530090162608,477102080,,amd64,Windows Server 2008 R2,6.1,4,8052658176,117582151680,FALSE,4096,42,30,1
NULL,44770,execution-0545ec12-599e-448e-acec-2e7b121cfe0a-2018.05.31,11739,13547,2018.05.31,55654,NULL,0,1,0,1,28,2018-05-31 9:43:25,COMPLETE,2018-05-31 9:44:25,64,405456355328,/mnt/data/cloud/Biggie,US/Eastern,UTF-8,AWS,/usr/java/jdk1.8.0_66/jre,Java HotSpot(TM) 64-Bit Server VM,1.8.0_66-b17,1529585393691,1908932608,8192,amd64,Linux,2.6.32-696.23.1.el6.x86_64,4,7855697920,58102837248,TRUE,1024,31,14,1
NULL,2,execution-12eefe03-3f15-4758-b364-ff611aa40845-2018.05.31,10784,13344,2018.05.31,90,NULL,0,1,0,0,0,2018-05-31 10:12:00,COMPLETE,2018-05-31 10:12:01,64,117582151680,C:\Program Files\Boomi AtomSphere\Atom - labqawin6 - Connector Regression for Charles Prox,America/New_York,windows-1252,AWS,c:\program files\java\jre7,Java HotSpot(TM) 64-Bit Server VM,1.7.0_55-b13,1530090162608,477102080,,amd64,Windows Server 2008 R2,6.1,4,8052658176,117582151680,FALSE,4096,43,30,1
NULL,3,execution-00ac1def-d0c0-474f-a0b1-a0d1063753b9-2018.05.31,10784,13344,2018.05.31,77,NULL,0,1,0,0,0,2018-05-31 10:27:00,COMPLETE,2018-05-31 10:27:01,64,117582151680,C:\Program Files\Boomi AtomSphere\Atom - labqawin6 - Connector Regression for Charles Prox,America/New_York,windows-1252,AWS,c:\program files\java\jre7,Java HotSpot(TM) 64-Bit Server VM,1.7.0_55-b13,1530090162608,477102080,,amd64,Windows Server 2008 R2,6.1,4,8052658176,117582151680,FALSE,4096,36,30,1
NULL,3,execution-24314dec-60ed-41ab-8c84-692662fe2acb-2018.05.31,10784,13344,2018.05.31,55,NULL,0,1,0,0,0,2018-05-31 10:39:00,COMPLETE,2018-05-31 10:39:01,64,117582151680,C:\Program Files\Boomi AtomSphere\Atom - labqawin6 - Connector Regression for Charles Prox,America/New_York,windows-1252,AWS,c:\program files\java\jre7,Java HotSpot(TM) 64-Bit Server VM,1.7.0_55-b13,1530090162608,477102080,,amd64,Windows Server 2008 R2,6.1,4,8052658176,117582151680,FALSE,4096,26,30,1
NULL,58283,execution-0f5fbf56-07bd-45ad-ba7e-987450480127-2018.05.31,11704,13547,2018.05.31,94626,NULL,0,1,0,4,1851,2018-05-31 11:12:31,COMPLETE,2018-05-31 11:14:08,64,405456355328,/mnt/data/cloud/Biggie,US/Eastern,UTF-8,AWS,/usr/java/jdk1.8.0_66/jre,Java HotSpot(TM) 64-Bit Server VM,1.8.0_66-b17,1529585393691,1908932608,8192,amd64,Linux,2.6.32-696.23.1.el6.x86_64,4,7855697920,58102837248,TRUE,1024,22,14,1
